Name,Brand,Category,Price,Stock
Thermostat Drone Heater,Bradford-Yu,Kitchen Appliances,74,139
Ultra Speaker Iron Grill Advanced One,Douglas Group,Fitness Equipment,510,351
Watch Headphones Kettle,Landry-Austin,Beauty & Personal Care,254,409
Portable Toaster Clock Monitor Silent,"Odom, Norton and Foster",Makeup,69,119
Pro Toaster Oven,"Fowler, Mendoza and Mcdaniel",Automotive,525,727
Mini Speakerphone Mixer,Burton-Gould,Team Sports,413,566
Eco Cooler Printer Speaker Prime Prime,"Soto, Raymond and Doyle",Health & Wellness,621,245
Webcam Trimmer Projector,"Padilla, Dunn and Pruitt",Laptops & Computers,414,559
Silent Headphones Stove Wireless Air Clean,Hughes and Sons,Home & Kitchen,858,525
Wireless Charger Air Premium Ultra,Mcbride-Wyatt,Health & Wellness,153,550
Portable Fan Monitor Toaster Pro Smart Air,"Wilkins, Horne and Farrell",Health & Wellness,738,417
Mini Iron Drone,"Miranda, Lucero and Blevins",Shoes & Footwear,367,511
Smart Grill Tablet Fridge Sense,Marshall Group,Grooming Tools,867,679
Portable Grill Air Edge,Tanner LLC,Clothing & Apparel,356,904
Premium Brush Scale Grill Plus Plus,Mathews and Sons,Smartwatches,439,987
Vacuum Router Toaster,Stephenson PLC,Team Sports,245,412
Digital Clock Lock Eco Premium Portable,Leonard LLC,Office Supplies,999,14
Fast Watch Microphone Microphone,"Montes, Hickman and Stout",Haircare,868,416
Clean Dock Mixer Router,Matthews Ltd,Toys & Games,411,202
Cooker Brush,Contreras-Bonilla,Headphones & Earbuds,280,124
Premium Cooler Premium Sense,Greene-Ayers,"Accessories (Bags, Hats, Belts)",448,634
Digital Powerbank Rechargeable Wireless,Hanna Group,Health & Wellness,612,413
Digital Drone Advanced,Quinn-Fields,Clothing & Apparel,517,738
Automatic Thermostat Drone Heater,Livingston-Steele,Kitchen Appliances,182,86
Clean Webcam Powerbank Portable Compact,"Pearson, Hubbard and Woodward",Toys & Games,935,415
Headphones,"Zavala, Pugh and Wiley",Team Sports,35,527
Fan Iron Cooker,Mcfarland-Buck,Health & Wellness,926,848
Wireless Printer Fan Compact Plus,Kirby and Sons,Home & Kitchen,934,479
Ultra Projector Rechargeable,"Owen, Caldwell and Salazar",Books & Stationery,282,953
Blender Toaster Camera,Montoya Group,Books & Stationery,90,680
Treadmill,"Franklin, Liu and Evans",Toys & Games,537,646
Portable Webcam Powerbank Rechargeable Advanced,Harrison Ltd,Fitness Equipment,177,710
Fan Phone,Kennedy-Weiss,Camping & Hiking,335,921
Pro Stove Eco Smart,"Joyce, Mcdonald and Maldonado",Cycling,663,695
Charger,"Mills, Mendez and Waller",Fitness Equipment,596,52
Fan Phone,Maldonado PLC,Laptops & Computers,385,219
Fan Powerbank,"Payne, Joseph and Ponce",Kids' Clothing,825,93
Premium Router Lamp,Roman and Sons,Home Decor,245,243
Smart Keyboard Toaster Monitor,Duarte Ltd,Cameras & Accessories,573,671
Pro Iron Drone Ultra,Rogers Ltd,Shoes & Footwear,536,188
Fan,"Shaffer, Bowers and Parrish",Books & Stationery,783,56
Fast Cooler Prime Advanced,Hartman LLC,Team Sports,181,117
Advanced Webcam Printer,"Montoya, Barnes and Haley","Accessories (Bags, Hats, Belts)",914,136
Premium Scooter,Cowan and Sons,Team Sports,486,773
Eco Vacuum Iron Phone Clean One Max,"Beltran, Khan and Proctor",Office Supplies,20,397
Clean Drone Heater Scanner Digital Eco Rechargeable,Mckee Ltd,Kids' Clothing,162,322
Portable Drone Heater Scanner Lite Premium,Roth-Maddox,Office Supplies,363,850
Ultra Brush,"Ware, Singh and Holloway",Makeup,818,491
Charger Lock Oven,Sellers LLC,Health & Wellness,84,947
Automatic Clock Lock Digital Touch,Hess-Daniel,Automotive,549,303
Cooker Cooler,Figueroa-Bowen,Shoes & Footwear,643,744
Iron Heater,"Garcia, Salazar and Roberson",Headphones & Earbuds,459,769
Advanced Powerbank Touch Max,"Price, Ford and Shaw",Office Supplies,273,582
Digital Projector Oven Thermostat Pro,Pena-Schultz,Laptops & Computers,306,653
Eco Grill Automatic,Burns-Chavez,Grooming Tools,976,306
Smart Tablet Speaker Scooter,Dudley-Johnson,Smartphones,980,984
Eco Toaster Oven Eco Compact Wireless,"Bonilla, Robbins and Hayes",Clothing & Apparel,565,394
Premium Cooler Digital Max,Merritt-Maddox,Books & Stationery,887,501
Clean Camera Drone Fan One Max,Beasley-Valdez,Men's Clothing,466,539
Fan Drone Monitor,Goodwin LLC,Health & Wellness,542,7
Smart Heater Toaster Stove 360 Premium,Stephens-Keller,Cameras & Accessories,919,536
Advanced Toaster Scanner,Jackson-Wall,Bedding & Bath,310,874
Automatic Camera Monitor Charger,"Mack, Morris and Wall",Grooming Tools,873,679
Wireless Grill Grill Silent,Armstrong-Ramirez,Kitchen Appliances,181,608
Fast Clock Brush Prime,Owen Ltd,Fishing & Hunting,80,221
Digital Keyboard,"Nash, Newton and Hodge",Smartphones,989,756
Fast Tablet,"Finley, Rush and Hawkins",Furniture,567,46
Fan Powerbank,"Mcmillan, Robertson and Norris","Accessories (Bags, Hats, Belts)",660,677
Heater Radio,Hebert-Costa,Men's Clothing,347,113
Bicycle Scooter,"Gordon, Peck and Hurley",Skincare,866,836
Ultra Freezer Smart X Prime,Santana Inc,Laptops & Computers,990,641
Advanced Drone Heater Scanner Wireless,Shea-Wang,"Accessories (Bags, Hats, Belts)",908,533
Light Heater Clock,Richards-Hess,Home Decor,489,779
Smart Fan Touch Rechargeable Fast,Calderon PLC,Health & Wellness,971,326
Heater,Spencer Group,Cleaning Supplies,757,59
Silent Iron Monitor Eco,Cochran-Burton,Automotive,892,895
Eco Oven Mouse Cooler Touch Wireless Advanced,Roth-Bates,Laptops & Computers,348,554
Premium Charger Bicycle Fan Eco,Frost-Richmond,Sports & Outdoors,769,998
Microphone Heater,Joseph-Chan,Toys & Games,200,177
Mixer,Foley and Sons,Fragrances,490,915
Advanced Thermostat Eco,Patrick Group,Smartwatches,329,110
Eco Printer Advanced,"Mcknight, Rosales and Valencia",Health & Wellness,576,711
Scanner Drone,Burton-Matthews,Smartwatches,823,944
Eco Cooler Treadmill Rechargeable,Chung Ltd,Laptops & Computers,119,907
Fan,Dickson-Vega,Health & Wellness,406,425
Mini Treadmill Dock Compact,Christian and Sons,Smartwatches,371,895
Portable Blender Wireless,"Faulkner, Daugherty and Molina",Cycling,798,477
Portable Iron Monitor Premium Pro Eco,Vincent Group,Cycling,20,182
Scooter Scale Cooler,Huff-Morrow,Fragrances,765,4
Freezer,Webb-Roman,Home Decor,765,566
Advanced Blender,"Duarte, Cisneros and Fitzpatrick",Office Supplies,517,210
Digital Radio Radio Pro,Ochoa and Sons,Fragrances,536,504
Ultra Kettle,Mcgrath PLC,Skincare,650,885
Silent Lock Thermostat Air Touch,"Huber, Clark and Griffith",Fishing & Hunting,974,522
Iron,Silva and Sons,Makeup,59,764
Digital Scanner Rechargeable Ultra Prime,Pham-Erickson,Skincare,867,948
Advanced Blender Toaster Camera,Barr-Riley,Cleaning Supplies,371,627
Automatic Watch Thermostat Clean,Sutton Group,Bedding & Bath,320,98
Microphone Treadmill Oven,Reese-Cox,Beauty & Personal Care,757,887
Premium Powerbank Iron Brush Edge Prime,Wong-Perez,Smartphones,669,903
Rechargeable Headphones X Lite 360,Gaines-Schneider,Haircare,829,751
Heater Mixer Shaver,"Ho, Lang and Shannon",Automotive,459,465
Compact Vacuum,Raymond Ltd,Bedding & Bath,298,831
Compact Mixer Freezer Trimmer,"Ramirez, Dean and Mueller",Kitchen Appliances,766,170
Pro Projector Mini Air,Mills Group,Haircare,594,180
Silent Fan Fast One,"Hayden, Woodward and Barton",Toys & Games,969,947
Wireless Projector Mini,"Cantrell, Welch and Trevino",Camping & Hiking,423,521
Rechargeable Treadmill,Flowers-Werner,Team Sports,494,463
Digital Toaster Scanner Touch,Olson-Mills,Automotive,729,42
Iron Thermostat,"Lynn, Figueroa and Craig",Grooming Tools,54,750
Eco Powerbank Digital Ultra,Nash-Hughes,Kitchen Appliances,317,888
Fast Fridge Mouse Monitor Silent,Riggs-Edwards,Fitness Equipment,566,249
Smart Mixer Lamp Premium,Schroeder Inc,Sports & Outdoors,721,613
Premium Powerbank Router Compact Pro Sense,Mcclain-Simpson,Shoes & Footwear,469,59
Digital Fridge Fan Lamp Compact,"Lynn, Simpson and Mcmillan",Beauty & Personal Care,872,848
Mouse,Walker-Woods,Automotive,674,975
Smart Lamp Prime Ultra,Kramer PLC,"Accessories (Bags, Hats, Belts)",931,240
Portable Watch Go Lite,"Glover, James and Booker",Books & Stationery,207,82
Wireless Webcam Trimmer Projector Automatic Advanced Portable,Flynn LLC,Home Decor,393,885
Ultra Fan Advanced,Oliver PLC,Home Decor,19,632
Pro Watch Fridge Ultra Digital,Whitehead PLC,Sports & Outdoors,864,140
Eco Headphones Premium X,Vega-Fernandez,Fitness Equipment,349,184
Tablet Blender,Gray Inc,Cycling,87,764
Pro Headphones Monitor,Osborne-Rivera,Clothing & Apparel,522,60
Digital Lamp Blender Drone,"Bush, Archer and Hurley",Women's Clothing,368,232
Smart Scanner Tablet Radio,Roach and Sons,Smartphones,406,599
Stove Blender Oven,Lang-Santana,Clothing & Apparel,274,399
Pro Clock Brush Pro Wireless,Shaw-Chung,Books & Stationery,823,460
Projector Freezer,"Hughes, Melendez and Trevino","Accessories (Bags, Hats, Belts)",850,72
Fast Scanner Mouse Wireless Air Lite,Becker and Sons,Women's Clothing,384,403
Silent Charger Tablet Brush,Harper Inc,Fishing & Hunting,459,117
Dock,"Underwood, Ingram and Gregory",Office Supplies,23,99
Dock Dock Trimmer,Carey LLC,Cleaning Supplies,869,504
Premium Radio Rechargeable Max Mini,Gentry LLC,Books & Stationery,66,306
Smart Tablet Tablet Kettle Mini,"Allen, Maxwell and Barnett",Women's Clothing,859,190
Ultra Mixer Freezer Trimmer Digital Wireless Plus,Stokes and Sons,Headphones & Earbuds,519,188
Smart Thermostat Camera Watch Smart One,Dougherty LLC,Fishing & Hunting,146,775
Fast Drone Printer Tablet,Yoder-Hensley,Laptops & Computers,395,738
Premium Blender Cooker Prime,Lester-Ross,Headphones & Earbuds,528,179
Advanced Freezer Clean,Campos-Chan,Health & Wellness,959,285
Automatic Speaker Router Lamp Pro,Pacheco PLC,Skincare,16,676
Advanced Mixer Drone Fan Premium,"Sanford, Paul and Byrd",Home Decor,608,945
Wireless Vacuum Cooler,"Cunningham, Day and Miller",Team Sports,854,787
Smart Router Lamp,Moreno-Madden,Cleaning Supplies,385,761
Compact Bicycle Speakerphone Printer Prime 360,"Walton, Marshall and Black",Beauty & Personal Care,361,852
Digital Trimmer Clock X Digital Pro,Acevedo-Richard,Home Decor,225,295
Mini Watch Headphones Kettle Max Portable X,Hull LLC,Camping & Hiking,881,454
Wireless Speaker Keyboard,Hopkins PLC,"Accessories (Bags, Hats, Belts)",848,268
Eco Thermostat Camera Watch,"Lawson, Bass and Francis",Cleaning Supplies,837,999
Compact Camera One Mini Smart,"White, Daugherty and Hunt",Sports & Outdoors,709,664
Silent Webcam Scooter,Christensen and Sons,"Accessories (Bags, Hats, Belts)",946,84
Drone,Mcclure Inc,Home & Kitchen,355,833
Automatic Clock Drone Charger,Cunningham Group,Toys & Games,357,870
Clean Watch Headphones Kettle Air Fast,"Perez, Alvarez and Gordon",Fragrances,45,175
Mini Oven Drone,Lee Ltd,Sports & Outdoors,432,330
Portable Grill Tablet Fridge X Air,"Cortez, Leach and Raymond",Bedding & Bath,249,845
Clean Thermostat Printer Premium Prime,Roberson LLC,Headphones & Earbuds,140,704
Ultra Lamp Clean Edge,"Huerta, Cummings and Cross",Smartwatches,807,721
Fast Mouse Sense Smart,Shelton-Faulkner,Skincare,622,890
Oven Scale,Salas-Bates,Men's Clothing,226,12
Rechargeable Cooler Mini Ultra,"Henderson, Bautista and Irwin",Makeup,82,558
Phone,Bowers-Moreno,Haircare,489,956
Iron Microphone,"Spears, Odom and Bennett",Women's Clothing,463,64
Smart Drone Thermostat Headphones Touch Go Eco,"Berry, Lowery and Mccann",Smartphones,505,351
Mini Thermostat Webcam Bicycle,Bridges Ltd,Headphones & Earbuds,891,978
Speaker Iron Grill,"Long, House and Cannon",Automotive,388,325
Automatic Headphones Fast Pro Rechargeable,Wang Group,Laptops & Computers,884,955
Portable Toaster Scooter Air,French Group,Cleaning Supplies,26,857
Mini Webcam Trimmer Projector Digital Fast,West and Sons,Clothing & Apparel,847,241
Toaster Light Monitor,Krause-Ramos,Camping & Hiking,99,191
Compact Microphone Treadmill Oven Plus,Price LLC,Cleaning Supplies,435,962
Projector Freezer,Chavez-Dawson,Laptops & Computers,786,107
Ultra Scooter,Benson LLC,Smartphones,295,512
Premium Watch Grill Compact Ultra 360,Villarreal and Sons,Grooming Tools,583,38
Ultra Scooter Wireless Clean Touch,Todd Group,Bedding & Bath,884,250
Portable Heater Toaster Stove Fast,"Wagner, Rangel and Morton",Home Decor,567,51
Smart Powerbank Iron Brush Wireless,Guzman-Leach,Smartphones,488,498
Ultra Camera Silent,"Hart, Mercer and Clayton",Grooming Tools,256,65
Pro Light Drone Fast Fast,Mays and Sons,Automotive,366,290
Compact Drone Fast Lite Mini,Oconnell PLC,Office Supplies,731,557
Compact Radio,Fowler-Williams,Fishing & Hunting,763,534
Smart Router Lamp 360 360 Silent,Murray-Petersen,Grooming Tools,646,616
Fridge Fan Lamp,Gates-Riggs,Camping & Hiking,416,98
Fan Clock Camera,Gaines-Pruitt,Fragrances,583,144
Webcam Scooter,"Wall, Morrison and Hurley",Headphones & Earbuds,229,802
Light Drone,Sawyer Inc,Automotive,113,169
Automatic Charger Bicycle Cooker Mini Pro,Wood-Juarez,Automotive,720,557
Premium Blender Air,"Henderson, Dunn and Bradshaw",Sports & Outdoors,351,395
Smart Scale Prime Air,"Lynch, Ballard and Garrison",Office Supplies,305,121
Monitor Light,"Davenport, Vazquez and Peters",Kitchen Appliances,302,292
Microphone Cooler,"Gregory, Stanton and Dominguez",Cycling,565,46
Grill Tablet Fridge,Nixon LLC,Grooming Tools,326,486
Clean Bicycle Wireless Digital Lite,"Russell, Newton and Mcgee",Fishing & Hunting,504,826
Automatic Charger Bicycle Fan,Daniels-Pearson,Home & Kitchen,677,962
Pro Powerbank Cooker Iron Ultra,Webster-Delacruz,Fitness Equipment,991,756
Digital Scooter Rechargeable Clean Portable,Matthews-Baker,Automotive,414,392
Compact Thermostat Microphone Scooter Silent,Henderson LLC,Books & Stationery,355,748
Fast Mouse Digital Portable Plus,Jackson PLC,Home Decor,818,64
Automatic Watch Grill,Meadows LLC,"Accessories (Bags, Hats, Belts)",673,633
Wireless Printer Fan Air Lite Go,Hurst-Blevins,Makeup,748,143
Pro Brush,"Whitaker, Davenport and Esparza",Cameras & Accessories,525,329
Smart Router,Hunt Ltd,Bedding & Bath,742,148
Eco Projector,Wallace Group,Headphones & Earbuds,380,215
Digital Grill Microphone Projector,"Gregory, Macias and Yang",Grooming Tools,869,533
Silent Mixer Treadmill Touch Smart Advanced,Nelson LLC,Skincare,318,786
Clean Radio Rechargeable,Velasquez PLC,Haircare,297,920
Compact Clock Lock,"Obrien, Lucero and Krause",Clothing & Apparel,575,20
Webcam Projector Oven,Ford-Mayer,Home & Kitchen,998,632
Advanced Mouse Lamp 360,Lang LLC,Furniture,45,892
Automatic Heater Stove Scanner,Costa LLC,Cameras & Accessories,622,921
Scooter,Mccarthy-Spears,Smartwatches,232,205
Eco Camera,Stuart-Trevino,Furniture,805,426
Fast Printer Lock Thermostat Automatic Go Digital,Pace and Sons,Haircare,938,993
Automatic Lock Freezer,Boyer-Fleming,Smartphones,688,17
Ultra Radio Eco,Ali LLC,Kitchen Appliances,698,179
Clean Lock Thermostat,"Schmitt, Fields and Marquez",Office Supplies,77,243
Fast Freezer Max,Brady-David,Health & Wellness,136,959
Mixer Treadmill,Johnston and Sons,Home & Kitchen,680,358
Thermostat Stove Lamp,Dixon-Santana,Books & Stationery,934,704
Wireless Dock Eco X Automatic,Hogan-Carson,Camping & Hiking,342,531
Dock Dock Trimmer,Baldwin-Schneider,Fragrances,449,227
Silent Grill Grill Scale,"Krause, Bass and Horn",Fishing & Hunting,612,662
Shaver Thermostat,Washington Ltd,Haircare,422,651
Digital Charger Cooker Thermostat Premium Portable,Lozano Inc,Shoes & Footwear,939,269
Premium Camera Keyboard Sense Lite Plus,"Valencia, Tanner and Sosa",Shoes & Footwear,224,891
Smart Lock Edge,Li Ltd,Kitchen Appliances,44,134
Smart Heater Keyboard 360 360,Owens and Sons,Skincare,931,828
Wireless Grill Brush Watch Pro,"Sherman, Shepherd and Cunningham",Books & Stationery,24,120
Premium Kettle Clean Smart Rechargeable,Hardin-Espinoza,Smartwatches,467,430
Wireless Headphones Fast Lite Premium,"Weeks, Jensen and Andrade",Toys & Games,635,360
Smart Light Clean,Sutton PLC,Shoes & Footwear,447,738
Smart Brush Blender Vacuum,Simon-Werner,Bedding & Bath,990,968
Wireless Heater Monitor Max Clean,"Gould, Mays and Clayton",Toys & Games,447,570
Ultra Speakerphone Oven Air,Odonnell-Butler,"Accessories (Bags, Hats, Belts)",256,89
Smart Fan Monitor Toaster Advanced One 360,Santiago-Chapman,Camping & Hiking,609,950
Wireless Camera Advanced,Sherman Group,Fragrances,144,8
Rechargeable Light Webcam Cooker Go,Fox LLC,Clothing & Apparel,284,339
Ultra Oven Go Fast,Warner-Hodges,Health & Wellness,707,158
Automatic Drone Silent Prime Premium,Forbes-Mendoza,Clothing & Apparel,176,861
Eco Webcam Toaster Fast Prime Mini,Goodwin-Sanchez,Cleaning Supplies,636,663
Speaker Router Lamp,Patton-Choi,Cameras & Accessories,337,243
Pro Scanner Monitor Treadmill,"Holloway, Cohen and Houston",Team Sports,946,597
Portable Camera Edge,"Malone, Bowman and Holland",Health & Wellness,919,477
Projector,"Villegas, Ford and Mccoy",Home Decor,585,152
Rechargeable Watch Headphones Kettle,Spears-Saunders,Men's Clothing,656,848
Portable Headphones Edge,"George, Gillespie and Mcclure","Accessories (Bags, Hats, Belts)",442,238
Digital Camera Drone Fan Smart Compact Air,"Duncan, Gonzales and Watkins",Fitness Equipment,806,177
Digital Projector Wireless Air Edge,Griffith-Rios,Bedding & Bath,429,995
Smart Fan Lamp Automatic Fast Lite,Barajas-Vasquez,Camping & Hiking,653,662
Microphone,"Cunningham, Harding and Ruiz",Men's Clothing,787,223
Eco Brush Blender Vacuum Automatic Ultra,"Yates, Lewis and Dudley",Home Decor,347,862
Ultra Clock Lock,Griffin and Sons,Laptops & Computers,931,252
Clean Fan Eco Fast Max,Briggs-Krause,Smartphones,180,185
Fast Fan Go 360,Pena-Singleton,Smartwatches,847,940
Scale,"Snow, Cobb and Rosales",Headphones & Earbuds,562,998
Compact Keyboard Go,Yates Group,Clothing & Apparel,595,223
Digital Projector Oven Thermostat Advanced Eco Smart,Guerrero-Huff,Cleaning Supplies,380,767
Pro Speaker Powerbank Camera,"Park, Greer and Stewart",Smartphones,503,171
Rechargeable Lamp Freezer,"Jenkins, Lester and Rios",Makeup,476,915
Keyboard Toaster Monitor,Porter-Chavez,Laptops & Computers,662,209
Wireless Webcam,Abbott-Foster,Home & Kitchen,790,552
Powerbank Brush Charger,Barron-Shea,Cycling,823,590
Smart Camera Router Fan Go,Reilly PLC,Health & Wellness,9,287
Rechargeable Phone Grill,"Mcmillan, Russell and Weber",Health & Wellness,405,583
Kettle Brush Fan,"Elliott, Woodward and Short",Office Supplies,789,309
Digital Bicycle Mini Rechargeable Digital,Shepherd and Sons,Books & Stationery,218,285
Rechargeable Thermostat Oven,Charles-Glass,Clothing & Apparel,670,22
Advanced Phone Speaker Blender Compact,Bright-Mcknight,Women's Clothing,508,693
Premium Lamp Lamp Mini Prime,"Fry, Oneal and Montes",Home & Kitchen,614,97
Portable Microphone,Garner LLC,Fragrances,188,144
Ultra Thermostat Drone Heater Plus Smart Eco,Arnold Group,Clothing & Apparel,866,994
Mini Lamp Monitor,Cain PLC,Skincare,226,664
Smart Powerbank Cooker Iron Advanced Go Go,Boyle-Guerra,Haircare,655,531
Fast Radio Smart,"Acosta, Cortez and Phelps",Fragrances,534,59
Compact Brush,"Trevino, Wang and Lam",Automotive,684,11
Smart Toaster Pro,Mccall-Lynn,Headphones & Earbuds,405,256
Eco Webcam Dock Heater Go,"Orozco, Nguyen and Miles",Skincare,530,639
Eco Scale Trimmer Grill Edge,"Guzman, Ayers and Trujillo",Clothing & Apparel,960,832
Pro Mouse Treadmill Phone Eco Portable Compact,"Olsen, Tanner and Mccormick",Fitness Equipment,334,708
Wireless Dock Router Webcam Mini,Brock-Owen,Camping & Hiking,472,760
Silent Charger,Morgan-Cisneros,Automotive,325,148
Trimmer Stove,"Wise, Barry and Proctor",Makeup,307,241
Lock Charger,Singh-Estrada,Automotive,206,486
Light Headphones Tablet,Rodriguez PLC,Home & Kitchen,856,512
Automatic Lock Ultra,Stanley and Sons,Books & Stationery,994,746
Mini Mouse Monitor Phone Plus Wireless Wireless,"Goodwin, Wolfe and Jenkins",Home & Kitchen,193,868
Rechargeable Watch Thermostat,"Strickland, Larson and York",Shoes & Footwear,296,867
Thermostat Drone Heater,Riggs Inc,Smartwatches,738,159
Eco Thermostat,Rocha-Bright,"Accessories (Bags, Hats, Belts)",325,191
Treadmill Dock,Donaldson and Sons,Headphones & Earbuds,957,413
Heater Stove Scanner,"Aguilar, Stephens and Yates",Cleaning Supplies,812,762
Compact Blender One,Ware PLC,Women's Clothing,831,614
Charger Lamp,Lane-Kennedy,Women's Clothing,405,166
Premium Router Scanner,Ochoa Ltd,Automotive,55,837
Smart Phone Iron Speakerphone Prime Pro,Orr Ltd,Makeup,708,972
Smart Freezer Powerbank Watch Pro Lite Plus,"Walsh, Shaffer and Hahn",Haircare,114,283
Radio,Ramirez-Terry,Women's Clothing,865,80
Rechargeable Bicycle Prime,"Rogers, Bradley and Buchanan",Home Decor,499,60
Radio Stove Shaver,"Landry, Blankenship and Harrison",Women's Clothing,520,521
Smart Dock,Kaufman-Nash,Furniture,913,432
Mouse Heater,Mccormick Inc,Beauty & Personal Care,314,367
Webcam Scooter,"Ferguson, Mcgrath and Logan",Skincare,112,919
Eco Heater Monitor Sense Ultra Portable,"Thomas, Cannon and Weber",Sports & Outdoors,442,686
Mini Fridge Freezer Plus,Prince Ltd,Headphones & Earbuds,516,557
Clean Webcam Ultra Go,Fitzpatrick-Stark,Women's Clothing,666,698
Eco Charger Eco,Espinoza-Anderson,Furniture,20,653
Premium Mixer Vacuum Sense Premium X,Cunningham Ltd,"Accessories (Bags, Hats, Belts)",89,120
Smart Fridge Go,Quinn-Collins,Shoes & Footwear,784,218
Premium Bicycle Wireless 360 Touch,"Leblanc, Manning and Stout",Health & Wellness,978,349
Scale Stove,Simpson-Ross,Grooming Tools,362,201
Ultra Clock Drone Charger Prime,Washington Group,Furniture,724,537
Wireless Scooter Scale Cooler Smart Edge,Rasmussen-Pollard,Health & Wellness,449,457
Smart Watch Tablet Printer,Spencer-Black,Home Decor,632,110
Ultra Iron Monitor Smart Eco Smart,Bradshaw-Garrison,Grooming Tools,568,157
Rechargeable Heater,Gill-Ochoa,Men's Clothing,944,990
Ultra Radio Iron,Combs-Briggs,Cleaning Supplies,604,321
Silent Scale Portable 360 Pro,"Reeves, Valenzuela and Zavala",Beauty & Personal Care,443,652
Fast Thermostat Microphone Scooter Plus,"Briggs, Goodwin and Fisher",Cleaning Supplies,817,8
Drone Heater Scanner,Higgins-Leon,Books & Stationery,783,705
Eco Dock Trimmer,Cochran-Rich,Men's Clothing,106,83
Charger,"Chang, Christensen and Cain",Bedding & Bath,411,212
Wireless Camera Touch,Cardenas Inc,Fragrances,68,188
Silent Clock Lock Lite Rechargeable Digital,Weiss-Lyons,Health & Wellness,272,368
Smart Toaster Clock Monitor 360 Sense,Hopkins-Barrett,Home Decor,773,821
Eco Webcam Projector Lock,Hampton Inc,Cycling,49,740
Premium Powerbank Radio Lite Prime,"Wilkerson, Christensen and Baxter",Makeup,996,88
Mini Scale Treadmill,Small Inc,Cameras & Accessories,882,370
Advanced Scanner Drone Go Max,Beasley PLC,Health & Wellness,932,666
Portable Drone Thermostat Headphones 360 Touch Max,"Schroeder, Hill and Anthony",Home Decor,593,247
Rechargeable Shaver Drone Premium,"Owen, Joyce and Mcclain",Automotive,206,562
Pro Mouse Mouse Router Lite Mini,Cannon Ltd,Automotive,246,471
Smart Projector,Nolan-Lam,Bedding & Bath,374,609
Smart Oven Speaker Fan Clean Wireless,Holder-Downs,Clothing & Apparel,701,409
Automatic Trimmer Stove Smart Smart,Fry-Sexton,Clothing & Apparel,663,706
Digital Drone Eco Rechargeable,Sanders PLC,Home Decor,117,342
Mini Cooler Fan X,"Lucero, Swanson and Murray",Smartwatches,916,675
Automatic Dock Mixer Router Mini,Lambert LLC,Bedding & Bath,539,27
Mini Drone Heater Scanner Premium Max Ultra,Erickson Inc,Furniture,225,65
Premium Watch Camera Go Premium,Joyce Ltd,Grooming Tools,599,248
Rechargeable Toaster Clock Monitor Prime Eco,"Mckenzie, Ayala and Griffith",Fishing & Hunting,858,87
Tablet,Collier LLC,Fishing & Hunting,840,444
Fan Drone Monitor,Spears Inc,Home Decor,365,885
Advanced Oven Speaker Fan,"Elliott, Howell and Baldwin",Laptops & Computers,473,906
Premium Scooter Bicycle Oven Smart Ultra,Bennett-Hebert,Cycling,453,39
Smart Phone Grill,Joyce Inc,Kids' Clothing,388,265
Clean Watch Microphone Microphone Mini Wireless Compact,Sloan-Curry,Books & Stationery,676,771
Silent Cooker Mouse Bicycle,"Haas, Bowman and Bass",Cycling,952,905
Trimmer Cooler,Brandt-Cherry,Headphones & Earbuds,292,242
Pro Speaker Router Lamp,Singh Inc,Kitchen Appliances,313,909
Mini Drone Printer Portable Wireless Automatic,"Cline, Schneider and Ramirez",Haircare,653,811
Mini Radio Mixer Lite,Gilmore-Wells,Home & Kitchen,100,416
Mini Router Freezer Webcam Air Max Edge,"Owens, Preston and Garza",Books & Stationery,909,557
Compact Phone Scooter,"Bentley, Bush and Gilbert",Cycling,803,189
Silent Mouse Radio Light,"Huffman, Hobbs and Flowers",Cameras & Accessories,957,993
Wireless Clock Advanced Rechargeable,"Bolton, Sandoval and Decker",Cleaning Supplies,899,706
Fridge,Hanson-West,Kitchen Appliances,529,80
Clock Drone Charger,Briggs-Hendricks,Team Sports,489,987
Automatic Scooter Microphone Wireless Compact Smart,Chase Ltd,Cleaning Supplies,325,617
Smart Vacuum Lite Rechargeable Prime,Nielsen Ltd,Kids' Clothing,755,180
Advanced Mixer Vacuum Wireless,Calderon Group,Furniture,32,305
Silent Powerbank Sense Compact Rechargeable,"Thornton, Payne and Waters",Office Supplies,433,683
Fan Drone Monitor,Mooney-Olsen,Smartphones,979,22
Smart Lamp Freezer Prime Advanced Clean,Mata-Norman,Cycling,643,138
Projector,Hughes-Rocha,Books & Stationery,718,952
Digital Mixer Heater Wireless Rechargeable,Brown Group,Grooming Tools,345,436
Dock,Moreno PLC,Beauty & Personal Care,944,444
Rechargeable Brush Scanner Wireless Plus,Francis-Johns,Cleaning Supplies,776,681
Ultra Scale Toaster,"Stevens, Barton and Hull",Fishing & Hunting,75,292
Smart Vacuum Iron Phone Pro,Thornton-Moyer,Men's Clothing,337,375
Advanced Webcam Cooker Toaster Smart,"Zuniga, Townsend and Huber","Accessories (Bags, Hats, Belts)",533,496
Ultra Cooker 360 Eco Pro,Day-Noble,Smartphones,999,758
Rechargeable Grill Trimmer Eco,Dean Ltd,"Accessories (Bags, Hats, Belts)",69,506
Advanced Powerbank Scooter Rechargeable Air,"Jarvis, Owen and Downs",Kitchen Appliances,576,117
Mini Dock 360 One Premium,Chaney-Gentry,Cycling,215,430
Advanced Radio Smart Compact One,"Cohen, Long and Bauer",Health & Wellness,301,991
Premium Powerbank Scooter Rechargeable Edge Eco,Valdez-Vincent,Cycling,890,614
Portable Lock Blender,Olsen Inc,Makeup,290,893
Watch,"Rivas, Tucker and Humphrey",Laptops & Computers,369,332
Clean Scooter Scale Cooler Portable Smart,Silva Inc,Furniture,147,882
Clean Powerbank Cooker Iron Lite,Lucero-Klein,Kitchen Appliances,685,394
Phone Speaker Blender,Pearson-Browning,Smartwatches,392,295
Clean Phone Speaker Blender Touch Wireless,"Berg, Dillon and Mueller",Haircare,988,991
Digital Treadmill Smart Edge Pro,Duncan-Hayes,Grooming Tools,160,668
Portable Lamp One Prime One,"Orr, Carr and Williams",Cameras & Accessories,854,660
Lock Freezer,Short Ltd,Home Decor,296,466
Blender Cooker,May and Sons,Health & Wellness,841,644
Keyboard Freezer,Fitzgerald Group,Furniture,423,633
Smart Clock Brush Prime,Monroe PLC,Fragrances,761,506
Advanced Kettle Plus,"Lin, Casey and Allison",Smartphones,421,912
Wireless Radio Treadmill,Eaton PLC,Shoes & Footwear,631,866
Wireless Speakerphone Eco Smart,Thomas-Downs,Fragrances,123,993
Fast Clock Sense Go,"Mccarty, Kelly and Tate",Kitchen Appliances,301,788
Powerbank Brush Charger,"Oconnell, Savage and Dougherty",Health & Wellness,102,522
Rechargeable Kettle Brush Fan Max,"Jackson, Shaffer and Garner",Cycling,363,174
Wireless Radio Smart Air Prime,White-Herman,Skincare,206,998
Charger Bicycle Fan,Bond Ltd,Haircare,276,843
Charger Lamp,Everett Ltd,Cycling,38,380
Radio,Booth-Bernard,Kitchen Appliances,673,529
Smart Bicycle Speakerphone Printer,"Goodman, Campos and Daniels",Home & Kitchen,878,837
Pro Headphones Monitor Rechargeable Pro Go,Travis-Greer,"Accessories (Bags, Hats, Belts)",624,404
Fast Powerbank Mini Sense,Tate-Villa,Fishing & Hunting,770,303
Digital Camera Drone Fan Digital Mini Rechargeable,Kirk Group,Beauty & Personal Care,163,773
Portable Mouse Rechargeable,Mckinney-Huynh,Men's Clothing,540,76
Wireless Scooter Advanced Plus,"Hensley, Hawkins and Gregory",Automotive,910,579
Grill Phone,Fischer-Chandler,Shoes & Footwear,551,776
Mini Cooler,May-Shepherd,Cycling,201,214
Automatic Charger Lamp Ultra,"Rivas, Huffman and Mason",Haircare,322,836
Compact Microphone Lamp Speaker Clean Wireless,Hunter PLC,Haircare,383,717
Fast Cooler Sense Premium,Pennington and Sons,Kitchen Appliances,318,547
Rechargeable Cooler Vacuum Wireless Premium,Brock Inc,Books & Stationery,289,798
Compact Scanner Shaver Powerbank Advanced One Mini,Banks-Dyer,Home Decor,478,700
Portable Toaster Scanner,Diaz Group,Grooming Tools,721,171
Fast Shaver Mouse Lite Lite Plus,Pittman-Padilla,Camping & Hiking,227,914
Fast Heater Touch,Duke Group,Sports & Outdoors,460,903
Portable Trimmer Stove One Premium,"Miller, Harrington and Blanchard",Furniture,500,965
Smart Speakerphone Stove Tablet Advanced Wireless,Wilkins Inc,Haircare,610,744
Advanced Fan Thermostat Edge,Evans LLC,Cleaning Supplies,413,419
Monitor,Campos-Mcdonald,Smartphones,812,659
Advanced Fridge Fan Lamp Ultra X,Fischer-Moran,Home & Kitchen,474,950
Automatic Cooler Treadmill,Gallegos-Schroeder,Laptops & Computers,840,634
Microphone Clock,"Decker, Vasquez and Cervantes",Health & Wellness,146,473
Ultra Vacuum,Little-Hamilton,Toys & Games,287,644
Advanced Cooler Lite 360 Sense,"Yates, Shelton and Henry",Men's Clothing,837,699
Grill,Aguilar-Banks,Haircare,403,677
Heater,Trevino Inc,Beauty & Personal Care,601,320
Blender Blender,Huerta-Holder,Fragrances,463,577
Smart Freezer Pro Digital Automatic,Weeks-Flynn,Cameras & Accessories,560,285
Advanced Webcam Printer Prime Portable Air,"Hansen, Stein and Park",Cameras & Accessories,489,605
Portable Keyboard Freezer,Morrow and Sons,Grooming Tools,544,790
Phone,Curry Ltd,Cycling,118,468
Portable Dock Eco Eco Eco,Booker-Sexton,Fishing & Hunting,21,565
Ultra Powerbank Brush Charger,Saunders Group,Health & Wellness,560,552
Brush Blender Vacuum,Morales-Krause,Automotive,229,39
Rechargeable Heater Monitor Plus Prime,Atkinson Inc,Makeup,952,916
Compact Toaster Light Monitor,Greer Inc,Camping & Hiking,309,366
Ultra Blender Toaster Camera Plus Fast,"Walton, Lawson and Gaines",Camping & Hiking,256,885
Silent Dock Mixer Router Edge,Lang-Coleman,Toys & Games,805,273
Advanced Scanner Drone Premium Advanced,Spence-Kim,Smartphones,379,888
Automatic Keyboard Toaster Monitor Plus Smart Clean,Fox-Weaver,Cleaning Supplies,668,90
Pro Toaster Oven Sense Eco Mini,"Berger, Nash and Flowers",Headphones & Earbuds,860,310
Wireless Keyboard Kettle,Randolph-James,Skincare,160,241
Portable Vacuum Lite,"Kirk, Erickson and Gomez",Kitchen Appliances,95,722
Clean Powerbank Clean Ultra 360,Simmons Group,Clothing & Apparel,688,340
Portable Headphones Air One Compact,Ochoa LLC,Makeup,297,157
Digital Thermostat Iron Go,"Cordova, York and Fry",Home & Kitchen,852,920
Monitor Light,"Koch, Floyd and Brewer",Home Decor,476,191
Mini Printer Sense Prime Go,Farmer-Ferguson,Makeup,514,620
Premium Headphones Portable,Pollard-Riley,Laptops & Computers,498,784
Oven Scale,"Flowers, Santos and Vega",Beauty & Personal Care,805,826
Automatic Headphones Stove X,Knox-Santana,Kids' Clothing,887,233
Eco Brush,Bruce Group,Women's Clothing,94,145
Digital Lamp Freezer Ultra 360 Pro,Jensen-Orr,Cycling,245,175
Wireless Phone 360 Mini,Pierce-Medina,Clothing & Apparel,17,379
Smart Lock Bicycle Clean Touch,"Preston, Lamb and Nunez",Women's Clothing,670,565
Eco Keyboard Go Mini Silent,"Crosby, Fitzpatrick and Lane",Cameras & Accessories,472,790
Dock,"Deleon, Hubbard and Joseph",Beauty & Personal Care,129,46
Smart Dock Trimmer,Wiggins-Johnson,Kitchen Appliances,172,748
Digital Headphones Monitor Premium Advanced,Banks PLC,Books & Stationery,382,595
Vacuum,"Boone, Velazquez and Hunt",Fragrances,34,915
Ultra Iron Digital Max,Zavala Group,Books & Stationery,401,978
Keyboard,Cabrera-Whitaker,Kitchen Appliances,428,26
Silent Powerbank Lite Plus Clean,Cabrera-Zamora,Home Decor,89,99
Smart Tablet Microphone Trimmer,Perez Ltd,Furniture,699,333
Silent Microphone,Knox Inc,Cleaning Supplies,328,186
Wireless Bicycle Microphone Digital Portable,Rodgers Group,Haircare,631,192
Automatic Scale Headphones,Shea-Guzman,Camping & Hiking,625,747
Fast Watch Microphone Microphone Smart Premium Portable,Lara Group,Makeup,258,386
Ultra Brush Touch Mini,"Massey, Stephenson and Huff",Toys & Games,145,67
Trimmer Clock,Bond-Gillespie,Automotive,879,367
Smart Mouse Heater Clean Air,Durham-Harmon,Headphones & Earbuds,114,294
Automatic Webcam Scooter One Compact,"Larson, Mann and Guerra",Toys & Games,330,832
Portable Camera Clean Premium,Giles LLC,Home & Kitchen,746,934
Smart Phone Thermostat Silent Go,"Logan, Vega and Haynes",Smartwatches,947,742
Vacuum,Chase-Reynolds,Women's Clothing,533,781
Eco Iron Prime One Wireless,"Houston, Kennedy and Conway",Sports & Outdoors,21,676
Pro Speaker Keyboard Digital Touch Automatic,Krueger Group,Sports & Outdoors,550,745
Rechargeable Lock Charger,Boyd Ltd,Skincare,44,869
Eco Scale Headphones,Cabrera-Barber,Men's Clothing,52,2
Digital Keyboard Kettle Wireless Fast,Lucas Inc,Clothing & Apparel,683,286
Printer,Gilbert-Rangel,Camping & Hiking,959,994
Wireless Bicycle Scooter,Collier Inc,Furniture,288,809
Compact Headphones Charger Digital Touch One,Fox-Stone,Shoes & Footwear,16,764
Kettle,"Sullivan, Benton and Howe",Office Supplies,176,27
Ultra Iron Toaster Projector Compact Plus,Andrews-Mcgee,Grooming Tools,898,891
Mini Clock Brush Clean,Malone and Sons,Automotive,863,840
Wireless Cooker Advanced,Benjamin and Sons,Fishing & Hunting,380,282
Brush Blender Vacuum,"Osborne, Ford and Butler",Smartwatches,112,299
Dock,Mckenzie-Hensley,Women's Clothing,346,665
Rechargeable Mouse Treadmill Phone Smart Clean Premium,Francis-Novak,Fishing & Hunting,442,802
Ultra Oven Scale,"Case, Buchanan and Kelly",Home & Kitchen,146,721
Rechargeable Scooter Bicycle Oven One One Fast,Gonzales and Sons,Laptops & Computers,585,968
Printer Charger Brush,Le-Fuller,Kids' Clothing,917,618
Ultra Heater Keyboard,"Munoz, Jensen and Combs",Health & Wellness,901,469
Digital Grill Grill Sense Edge Smart,"Blevins, Arias and Choi",Smartwatches,384,736
Pro Radio One Touch,Lucas-Vance,Books & Stationery,757,563
Speaker Iron Grill,Murray Group,Haircare,961,658
Compact Router Smart,Dunn PLC,Grooming Tools,624,223
Cooler Watch Fan,Tanner PLC,Beauty & Personal Care,955,50
Clean Blender Eco Plus,"Haynes, Decker and Meadows",Home & Kitchen,420,561
Automatic Fan,Lawson-Mullen,Fitness Equipment,478,879
Rechargeable Cooker,"Meyers, Schwartz and Mcclure",Cleaning Supplies,469,965
Mini Grill Charger Headphones,"Romero, Krueger and Ferrell",Sports & Outdoors,305,491
Camera Treadmill Heater,"Terry, Murray and Morse",Toys & Games,907,463
Portable Cooler Printer Speaker Ultra,Huff-Obrien,Kitchen Appliances,265,327
Heater Thermostat,"Wang, Vaughn and Wilson",Cycling,261,148
Advanced Clock Air Edge Premium,"Hensley, Richard and Gutierrez",Grooming Tools,455,364
Clean Brush Lock Eco,"Li, Baldwin and Watts",Camping & Hiking,301,718
Printer Fan,"Cross, Shannon and Page",Laptops & Computers,266,917
Premium Mixer Bicycle Fridge Mini 360 Automatic,"Vasquez, Graham and Rangel",Home & Kitchen,534,155
Pro Iron Toaster Projector,"Bennett, Ingram and Gordon",Kids' Clothing,632,662
Smart Charger Treadmill Go Smart One,"Gray, Raymond and Morrison",Smartwatches,626,431
Premium Lock Camera,"Sanders, Figueroa and Mcclain",Health & Wellness,385,155
Smart Cooler Touch Pro Edge,"Singh, Morgan and Houston","Accessories (Bags, Hats, Belts)",943,323
Smart Projector Freezer Smart,Larsen-Castro,"Accessories (Bags, Hats, Belts)",696,748
Advanced Keyboard Portable,Whitaker Group,Headphones & Earbuds,869,595
Advanced Thermostat Stove Lamp,Barron-Benjamin,Books & Stationery,301,424
Projector,Winters Ltd,Smartphones,216,374
Projector,Proctor-Short,Automotive,392,747
Wireless Heater Toaster Stove,"Ortiz, Merritt and Sanford",Office Supplies,187,260
Blender Blender,King and Sons,Laptops & Computers,20,288
Webcam Webcam Stove,Le-Barron,Headphones & Earbuds,139,239
Light Drone,Downs-Wood,Skincare,928,429
Wireless Stove Iron Smart Advanced,"Duffy, Knapp and Orozco",Men's Clothing,16,227
Fast Scooter Eco Premium,Shea LLC,Home & Kitchen,409,960
Advanced Headphones Monitor Go Automatic,Dominguez-Weiss,Beauty & Personal Care,219,381
Clean Brush Blender,Daniels-Robertson,Bedding & Bath,692,482
Smart Blender Treadmill Tablet,Weber Group,Cameras & Accessories,579,647
Compact Charger Cooker Thermostat Go Mini Smart,Nolan Inc,Makeup,968,504
Compact Scanner 360 Plus Ultra,"Compton, Costa and Davila",Kids' Clothing,288,824
Ultra Charger Cooker Thermostat One Prime,Mathis Ltd,Fragrances,415,146
Rechargeable Radio Radio Portable Clean Premium,"Mccormick, Franco and Brandt",Kitchen Appliances,112,924
Portable Camera Bicycle Speakerphone,Carroll-Browning,Sports & Outdoors,852,114
Radio,Hays Ltd,Makeup,561,290
Clean Mixer Drone Toaster,"James, Barker and Booker",Shoes & Footwear,406,341
Premium Tablet Microphone Trimmer Fast,Underwood-Cox,Smartwatches,948,936
Brush,"Lam, Howard and Page",Cleaning Supplies,360,701
Smart Charger Monitor Brush,Thomas-Dyer,"Accessories (Bags, Hats, Belts)",82,267
Wireless Watch Go Sense Ultra,Duran-Cole,Cycling,933,288
Drone Printer,"Price, Mueller and Yates",Health & Wellness,445,611
Premium Printer Lock Thermostat 360,Arellano PLC,Smartwatches,481,426
Fast Heater Keyboard Eco,Novak-Rose,Office Supplies,11,646
Smart Fan Fast Premium,"Holmes, Gibbs and Shields",Health & Wellness,928,372
Premium Shaver Go,Fletcher PLC,Cycling,929,919
Portable Dock Smart Advanced,Vang-Jacobs,Headphones & Earbuds,594,557
Wireless Brush 360 Ultra,Vance PLC,Kids' Clothing,951,750
Rechargeable Oven Mouse Cooler Eco,Bond PLC,Fragrances,397,624
Advanced Brush Fridge Drone Advanced Prime,Page-Bauer,Team Sports,699,42
Clean Mouse Speaker Cooler Touch One Silent,"Calderon, Blake and Cline",Furniture,499,677
Advanced Microphone Clock Smart,Fitzpatrick Group,Grooming Tools,554,46
Speaker Tablet Headphones,Dawson-Rivas,Team Sports,319,410
Eco Webcam Powerbank Smart Prime Automatic,Rios PLC,Men's Clothing,310,6
Mini Radio Mixer X Edge Eco,Wheeler PLC,Kitchen Appliances,805,858
Eco Webcam Smart,Meza-Banks,Toys & Games,99,663
Ultra Scanner Drone Portable,Byrd and Sons,Laptops & Computers,74,359
Lamp,"Hull, Baldwin and Weber",Fishing & Hunting,615,239
Smart Iron Microphone Smart One Premium,"Lutz, Oconnell and Moody",Smartphones,544,500
Wireless Treadmill Touch,Wheeler Ltd,Team Sports,395,614
Clean Stove Iron 360 Edge Wireless,Haney Ltd,Toys & Games,930,771
Drone Heater Scanner,"Phelps, Kline and Sawyer",Fitness Equipment,738,35
Portable Fan Scooter Trimmer,"Matthews, Farrell and Francis",Haircare,681,49
Compact Lock Touch,Melendez-Potts,Home & Kitchen,197,666
Premium Cooler Vacuum,Pittman Inc,Smartwatches,659,776
Compact Thermostat Trimmer Eco Max,"Cain, Sparks and Cooke",Headphones & Earbuds,583,890
Wireless Fan Scooter Trimmer 360 Clean Fast,Marks-Schaefer,Shoes & Footwear,694,546
Wireless Powerbank Cooker Iron,Montgomery Group,Kids' Clothing,527,556
Fast Iron Thermostat Compact,"Chen, Hatfield and Barnes",Furniture,836,620
Premium Scale Trimmer Grill Fast Silent,"Snow, Thompson and Delacruz",Shoes & Footwear,598,50
Advanced Watch Camera One Go,Gentry-Mcmillan,Automotive,266,994
Wireless Keyboard Speakerphone Fan Ultra,Rojas-Hendrix,Fishing & Hunting,497,605
Silent Vacuum Webcam Rechargeable,Harmon-Foster,Cameras & Accessories,897,448
Ultra Treadmill Rechargeable,"Terrell, Cuevas and Rose",Fragrances,102,179
Rechargeable Mixer Drone Toaster,Morales-Harrington,Toys & Games,806,895
Eco Brush Scale Grill Ultra,Sawyer-Mckay,Beauty & Personal Care,383,437
Smart Charger Bicycle Cooker Advanced Air,Duarte-Nielsen,Makeup,128,484
Thermostat Printer,"Rios, Duarte and Harris",Skincare,552,465
Clean Heater Keyboard,"Mccoy, Turner and Conrad",Camping & Hiking,216,441
Premium Thermostat Advanced Go,"Banks, Ritter and Gilbert",Clothing & Apparel,546,587
Rechargeable Vacuum Printer,Gonzalez-Montes,Fragrances,72,515
Digital Clock Brush,Andrade-Gentry,Men's Clothing,194,234
Portable Watch Thermostat,"Ibarra, Yates and West",Women's Clothing,477,442
Advanced Grill Lite,Mcmillan-Welch,Grooming Tools,426,986
Rechargeable Watch Digital Max,"Ortiz, Dodson and Cuevas",Fitness Equipment,628,147
Silent Microphone Clock Touch Smart Wireless,Serrano Inc,Team Sports,184,926
Wireless Powerbank Pro Wireless,"Mata, Haley and Sosa",Home Decor,726,335
Digital Clock Automatic,Dunn-Whitney,Office Supplies,95,200
Clean Treadmill Silent Smart,Nunez-Dyer,Cycling,908,718
Eco Treadmill Smart,"Bond, Carpenter and Clements",Smartwatches,634,299
Charger Lamp,Reyes Inc,Smartphones,440,496
Rechargeable Thermostat Smart Advanced,Booth-Gamble,Laptops & Computers,915,657
Eco Router Lamp Rechargeable,Carrillo Inc,Women's Clothing,403,759
Portable Tablet 360,Fry LLC,Team Sports,897,819
Wireless Toaster Scanner Automatic Edge Sense,Sims-Barajas,Sports & Outdoors,396,64
Premium Drone,Guzman Inc,Camping & Hiking,942,427
Smart Mouse Max Clean,Benton-Townsend,Fishing & Hunting,14,747
Lamp,"Doyle, Aguirre and Hill",Clothing & Apparel,366,584
Smart Mouse,Chandler LLC,Beauty & Personal Care,521,325
Premium Lock,Bowen Inc,Grooming Tools,916,346
Advanced Light Air Compact,"Johnson, Blankenship and Porter",Clothing & Apparel,172,70
Ultra Tablet Blender Clean One,Wise and Sons,Clothing & Apparel,277,688
Mini Drone Vacuum Pro Air,Shea Ltd,Cycling,300,39
Mini Fan Speaker Fridge Premium Air Portable,Williamson PLC,Headphones & Earbuds,965,153
Pro Powerbank Radio 360 Max,"Cuevas, Hardy and Crane",Smartwatches,177,676
Wireless Scooter Microphone,Bailey Group,Sports & Outdoors,1,258
Mixer,"Bradford, Malone and Mclean",Clothing & Apparel,616,485
Silent Clock Lock,Orozco Ltd,Beauty & Personal Care,327,137
Silent Lamp Lamp Kettle,Dillon-Russo,Cycling,233,33
Ultra Thermostat Stove Lamp Premium Touch Digital,"Good, Weiss and Castillo",Fragrances,499,637
Smart Scanner Shaver Powerbank Portable,Holden-Gates,Men's Clothing,207,2
Advanced Radio Light Fan 360,"Berg, House and Carrillo","Accessories (Bags, Hats, Belts)",186,730
Smart Clock Plus Touch,Daugherty Ltd,Grooming Tools,769,191
Ultra Drone,"Parker, Stevens and Love",Camping & Hiking,731,783
Smart Trimmer Clock Touch,Avila Inc,Women's Clothing,993,655
Pro Shaver Thermostat,Stafford LLC,Team Sports,402,278
Premium Fan Prime 360,Robertson-Crane,Automotive,456,897
Camera Drone Fan,"Maxwell, Terrell and Rosario",Books & Stationery,18,434
Smart Fan Speaker Fridge Silent,Thompson-Richards,Men's Clothing,821,45
Fast Webcam Projector Lock,Singleton-Tate,Kids' Clothing,663,404
Silent Scanner Tablet Radio 360 Advanced,"Pham, Stein and Ortega",Smartphones,701,497
Wireless Tablet Blender,Hayes LLC,Sports & Outdoors,991,43
Portable Webcam Bicycle Camera Advanced Advanced,Brock-Sellers,Automotive,390,247
Ultra Dock Go Touch,Lowe PLC,Home & Kitchen,413,441
Clean Scooter Compact Max,Bridges Inc,Sports & Outdoors,476,431
Rechargeable Fridge Freezer Air,"Vaughan, Gray and Logan",Cameras & Accessories,57,20
Digital Thermostat Microphone Scooter One Smart Pro,Hampton-Henson,Women's Clothing,473,923
Rechargeable Projector,Barnett and Sons,Headphones & Earbuds,285,609
Drone,Hayden-Shelton,Home & Kitchen,852,389
Ultra Bicycle Clock Lamp Air,Ramos-Riddle,Makeup,762,697
Mini Fan Speaker Fridge Automatic Smart Go,Chaney PLC,Cameras & Accessories,147,163
Ultra Brush Cooler Powerbank Edge Lite Smart,Mann-Yoder,Sports & Outdoors,585,434
Portable Grill Trimmer,"Fletcher, Bates and Stout",Smartwatches,365,607
Mixer,Romero PLC,Furniture,698,270
Eco Heater Edge Portable,"Goodwin, Daugherty and Hull",Smartphones,979,823
Advanced Headphones Go,Powell Inc,Skincare,367,369
Compact Tablet Speaker Scooter Plus Touch,Cisneros-Bishop,Clothing & Apparel,253,883
Eco Grill Phone Mini Plus,Lester LLC,Smartwatches,456,40
Fast Radio Iron Go Eco Pro,"Mckay, Cooke and Heath",Team Sports,994,780
Pro Radio Radio Sense 360 Prime,Glass PLC,Fitness Equipment,964,71
Treadmill,Wang-Pope,Cleaning Supplies,374,142
Wireless Lamp Freezer,Rowland LLC,Shoes & Footwear,980,630
Ultra Toaster Air Automatic,Schmitt-Barrera,Automotive,34,551
Silent Webcam Cooker Toaster,Carney-Reyes,Smartwatches,521,373
Clean Headphones,Choi LLC,Kitchen Appliances,813,584
Digital Speakerphone Stove Tablet,"Dawson, Cain and Valencia",Kitchen Appliances,599,820
Silent Mouse Monitor Phone Max,Shea-Sosa,Cleaning Supplies,116,923
Silent Speakerphone Oven Advanced Go,"Velazquez, Pena and Ryan",Books & Stationery,450,650
Blender,Mcdaniel and Sons,Kids' Clothing,908,51
Portable Stove Monitor Tablet Compact Max Premium,Patton-Carr,Automotive,139,326
Ultra Fan Fast Smart,"Cannon, Lambert and Cohen",Shoes & Footwear,352,439
Camera Bicycle Speakerphone,Humphrey Group,Cleaning Supplies,72,148
Router Freezer Webcam,Gardner-Donaldson,Sports & Outdoors,665,77
Fast Iron Microphone Edge Clean Digital,"Dyer, Spears and Melton",Team Sports,858,453
Automatic Projector One,"Mora, Jensen and Tapia",Clothing & Apparel,174,151
Wireless Bicycle Sense,"Campbell, Garcia and Grimes",Fitness Equipment,761,126
Fast Powerbank Projector Advanced 360 Rechargeable,"Goodman, Brock and Roach",Books & Stationery,627,647
Fan Cooler Vacuum,Chase-Pugh,Health & Wellness,943,181
Wireless Brush Blender Vacuum,"Torres, Waters and Gallagher",Toys & Games,406,400
Fast Powerbank Brush Charger Sense,Carrillo-Riddle,Smartwatches,544,619
Digital Cooker Cooler,Melendez-Small,Grooming Tools,990,78
Rechargeable Radio Mixer Smart,Morrow-Hickman,Headphones & Earbuds,561,868
Automatic Lamp Scanner Vacuum,Wyatt-Spencer,Fitness Equipment,839,521
Clean Camera Premium Edge,"Ho, Jarvis and Castaneda",Sports & Outdoors,520,711
Digital Speakerphone Go,"Chavez, Whitney and Alexander",Home Decor,168,64
Shaver Thermostat,Klein-Bailey,Bedding & Bath,208,678
Ultra Mixer Freezer Trimmer,"Mccormick, Burnett and Pace",Women's Clothing,703,897
Compact Blender Cooker Smart Go Go,Sutton Ltd,Fragrances,764,143
Stove,Matthews-Winters,Kitchen Appliances,896,426
Lock,Velez Group,Clothing & Apparel,601,812
Fast Webcam Webcam Treadmill,"Chan, Christensen and Gentry",Office Supplies,588,510
Rechargeable Printer Compact Eco,Harrington-Simpson,Cycling,464,392
Clean Light Ultra Air Smart,Jacobson and Sons,Cycling,277,921
Mini Lamp Blender Drone Advanced Prime Silent,Welch PLC,Sports & Outdoors,291,783
Mini Phone Thermostat Prime Eco Advanced,Terrell LLC,Books & Stationery,460,607
Clean Fan Iron Clock Advanced Mini Fast,Carroll LLC,Men's Clothing,293,197
Eco Webcam Cooker Toaster,Downs Inc,"Accessories (Bags, Hats, Belts)",431,862
Wireless Thermostat Printer,Tyler-Burke,Cameras & Accessories,350,682
Mini Powerbank,Munoz Group,Skincare,256,260
Ultra Powerbank Cooker Iron 360 360,"Cook, Frey and Ward",Fishing & Hunting,300,697
Smart Fan,Durham-Leblanc,Office Supplies,39,698
Lock,Espinoza-Mccullough,Laptops & Computers,372,442
Camera,Hayden and Sons,Skincare,718,310
Automatic Clock Smart,"Oconnor, Carson and Reynolds",Headphones & Earbuds,190,523
Drone,Cooke LLC,Fishing & Hunting,331,153
Smart Keyboard Ultra,"Lam, Henson and Marquez",Men's Clothing,342,620
Eco Printer Charger Brush,Friedman-Clayton,Shoes & Footwear,774,267
Automatic Dock,Holland-Jefferson,Laptops & Computers,4,134
Digital Microphone Cooler Prime Smart,Christensen and Sons,Cameras & Accessories,957,203
Mini Kettle,Mckinney-Mccarty,Kids' Clothing,243,934
Wireless Brush Blender Vacuum,Clarke PLC,Women's Clothing,266,926
Watch Tablet Printer,Grimes-Collier,Skincare,78,217
Advanced Scale Toaster Plus,Khan-Ochoa,Beauty & Personal Care,452,413
Digital Vacuum Touch Rechargeable Compact,Spears Group,Home & Kitchen,580,346
Lock,Herring Ltd,Toys & Games,927,316
Pro Microphone Cooler Automatic Clean Mini,"Koch, Strickland and Stout",Smartwatches,509,65
Premium Charger Lamp Digital,Mathis-Lewis,Office Supplies,786,440
Silent Webcam Dock Heater Sense,Hebert Group,Fragrances,16,592
Phone Iron Speakerphone,Leonard and Sons,Kids' Clothing,706,784
Wireless Lock Thermostat Edge,Schneider LLC,Cycling,753,853
Portable Scooter Rechargeable,"Berry, Middleton and Strong",Fragrances,700,751
Automatic Projector Brush Go,Cobb-Patel,Shoes & Footwear,275,261
Ultra Camera Keyboard Digital Air,"Luna, Blevins and Crane",Headphones & Earbuds,404,502
Microphone Cooler,Austin Inc,Toys & Games,81,85
Fast Shaver Max Air,Clements PLC,Books & Stationery,630,872
Heater,"Reynolds, Martinez and Bradley",Headphones & Earbuds,934,9
Lamp Lamp Kettle,Brooks-Lin,Clothing & Apparel,364,695
Pro Printer Fan,Davis-Bradley,Books & Stationery,261,640
Kettle Vacuum,Morse-Combs,Beauty & Personal Care,918,816
Pro Dock Freezer Projector Sense,Day-Dixon,Cameras & Accessories,282,959
Advanced Router Wireless Digital Eco,Lane LLC,Cleaning Supplies,384,526
Advanced Brush Scale Grill,Hunter Inc,Books & Stationery,906,278
Mini Headphones Compact Advanced,Ramirez-Pearson,Kids' Clothing,398,563
Automatic Radio Treadmill Silent,"Bell, Herring and Boyle",Home Decor,805,905
Eco Tablet Blender Clean,Rose-Escobar,Beauty & Personal Care,925,545
Ultra Blender Sense,May Inc,Furniture,28,366
Rechargeable Grill Phone Go Edge,Nichols Inc,Kitchen Appliances,884,425
Automatic Radio,Bates-Boone,Fragrances,540,745
Portable Scanner Shaver Powerbank Ultra,Griffith-Hebert,Home Decor,935,516
Silent Freezer Projector Webcam Go,"Lucero, Baxter and Diaz",Team Sports,828,272
Smart Fan Powerbank Air Portable 360,"Espinoza, Woodard and Burgess",Cycling,413,595
Grill Tablet Fridge,Brooks-Underwood,Makeup,761,46
Dock Freezer Projector,Waller-Whitney,Health & Wellness,264,262
Clean Radio,"Branch, Stephenson and Forbes",Automotive,295,88
Printer,Brady-Barnes,Clothing & Apparel,203,506
Advanced Fridge Cooker Pro Digital Prime,Moran-Rangel,Home & Kitchen,29,523
Smart Vacuum Cooler Prime,Mcclain-Caldwell,Smartwatches,179,547
Portable Speakerphone X,Fisher-Le,Fragrances,328,539
Smart Freezer Projector Webcam One Premium One,Pearson-Foley,Fishing & Hunting,759,577
Mini Stove Iron,Castaneda-Sims,Home & Kitchen,614,894
Portable Tablet,Garcia-Jones,Headphones & Earbuds,149,121
Clean Drone Heater Scanner Plus,"Hayes, Peck and Bridges",Sports & Outdoors,926,223
Digital Blender Treadmill Tablet Wireless Plus,"Patton, Castro and Williamson","Accessories (Bags, Hats, Belts)",690,462
Pro Drone Advanced Lite,"Olson, Macdonald and Kemp",Kids' Clothing,969,395
Ultra Blender Toaster Camera Ultra,Beard Group,Beauty & Personal Care,994,349
Rechargeable Thermostat Printer Sense Max Sense,Larsen-Santos,Makeup,748,127
Router Freezer Webcam,Ross-Gray,Men's Clothing,7,910
Smart Mouse Smart Portable,Keith-Shelton,Books & Stationery,534,37
Smart Freezer,Michael Inc,Headphones & Earbuds,174,881
Projector,Ashley-Carroll,Grooming Tools,435,525
Drone,Roy-Maxwell,Shoes & Footwear,390,652
Ultra Fan Phone One,Thomas Inc,Beauty & Personal Care,902,94
Eco Trimmer Cooler,Terrell-Huerta,Skincare,975,491
Premium Clock Drone Charger,Reyes PLC,Fishing & Hunting,131,85
Premium Scooter Microphone Max,Lester-Mendez,Health & Wellness,907,214
Digital Iron Cooler Iron One Touch,"Mccall, Bass and Dudley","Accessories (Bags, Hats, Belts)",436,327
Smart Heater Go Smart,Shaw-White,Books & Stationery,715,74
Premium Brush,Buck-Hoover,Books & Stationery,30,381
Smart Printer Freezer Advanced,"Fernandez, Duran and James",Toys & Games,761,389
Scale Clock,Gonzalez LLC,Fishing & Hunting,186,781
Silent Fan Digital Smart,"Beasley, Miles and Patrick",Smartwatches,729,803
Fast Brush Touch Fast,"Houston, Barnett and Hernandez",Fragrances,256,477
Silent Charger Lock Oven,Christensen-Hendrix,Automotive,709,812
Advanced Stove Light,Mcclure PLC,Makeup,219,149
Smart Vacuum Plus Lite Clean,"Dunlap, Bonilla and Leon",Home & Kitchen,451,257
Clean Mixer Toaster Toaster,Brooks-Martin,Men's Clothing,778,92
Smart Iron Microphone,Grant Inc,Skincare,133,706
Fast Trimmer Clock Mini Premium,"Wolf, Browning and Moody",Health & Wellness,94,21
Lamp,Wyatt Group,Home Decor,312,722
Portable Kettle Digital Go,Lopez and Sons,Shoes & Footwear,978,351
Smart Heater Keyboard,Aguilar-Rangel,Kitchen Appliances,737,71
Fan Phone,Schneider Group,Automotive,874,542
Microphone,Ayers-Day,Camping & Hiking,194,995
Portable Fan,"Glover, Cline and Mann",Books & Stationery,437,208
Ultra Thermostat Stove Lamp,Armstrong LLC,Beauty & Personal Care,758,426
Rechargeable Headphones Portable Wireless,"Armstrong, Farley and Dixon",Home & Kitchen,330,968
Rechargeable Fan Scooter Trimmer Sense,Melton Ltd,Office Supplies,437,812
Digital Toaster Scanner Fast Edge Portable,Carey-Patel,Headphones & Earbuds,160,675
Clean Kettle Portable One,"Griffith, Nixon and Bass",Skincare,338,835
Silent Thermostat Drone Heater,Jenkins-Haney,Kids' Clothing,835,361
Toaster Clock Monitor,Hanson-Buchanan,Skincare,787,252
Advanced Headphones Charger X Fast,"Patel, Wyatt and Wolfe",Furniture,748,419
Eco Brush Edge,Greer-Herring,Smartwatches,339,379
Compact Scanner Tablet Radio Clean Plus Sense,Bolton-Hensley,Smartphones,349,582
Trimmer Stove,Hammond-Perkins,Home Decor,434,155
Automatic Monitor Brush Monitor 360 Lite,Mejia-Vincent,Cleaning Supplies,228,816
Ultra Bicycle Microphone,House PLC,Makeup,532,823
Projector,Leblanc PLC,Beauty & Personal Care,625,950
Mini Grill Grill Scale Max Premium,"Barnett, Lucero and Morales",Team Sports,604,781
Eco Headphones Premium,Moreno-Glass,Shoes & Footwear,882,106
Fast Fan Monitor Toaster Pro Rechargeable Edge,"Avila, Stone and Spence",Kitchen Appliances,237,510
Wireless Iron Thermostat Premium Eco,Dudley LLC,Fitness Equipment,567,68
Premium Router Sense Digital 360,Hernandez-Bowman,Men's Clothing,600,77
Automatic Radio Mixer X,"Dixon, Ramirez and Williamson",Skincare,625,732
Mini Grill Phone Smart Mini,Galvan-Wang,Fragrances,565,994
Silent Watch Tablet Printer X Digital Max,"Gutierrez, Chandler and Wilson",Kids' Clothing,292,52
Smart Freezer One,Henderson-Howe,Haircare,273,190
Clean Dock Edge,Neal-Harding,Home Decor,970,709
Tablet,"Jackson, Simpson and Jensen",Grooming Tools,347,243
Smart Speakerphone Smart Eco,Gonzales-Porter,"Accessories (Bags, Hats, Belts)",14,521
Smart Keyboard Portable Touch,Roberts-Miranda,Grooming Tools,589,706
Scanner Tablet Radio,"Pugh, Figueroa and Hill",Kitchen Appliances,292,764
Pro Tablet,"Mccarthy, Hahn and Colon",Haircare,505,334
Advanced Radio Bicycle Cooler,"Key, Gomez and Oneill",Camping & Hiking,555,190
Eco Scooter Scale Cooler Sense Air Clean,Bass-Hess,Fishing & Hunting,400,363
Rechargeable Scooter Scale Cooler Automatic Plus 360,"Dillon, Ruiz and Clay",Cameras & Accessories,505,799
Iron Toaster Projector,"Hernandez, Robertson and Hammond",Clothing & Apparel,61,474
Keyboard,Holt-Parks,Cameras & Accessories,298,292
Mini Drone Heater Scanner One Wireless,Wagner-Bright,Fishing & Hunting,234,258
Mini Lock Camera,"Payne, Mcknight and Michael",Camping & Hiking,171,731
Smart Dock Ultra,"Bennett, Marsh and Levine",Women's Clothing,528,565
Fridge Mouse Monitor,Holmes-Cardenas,Cleaning Supplies,46,587
Premium Shaver Premium Premium Fast,Curry-Reed,Cleaning Supplies,482,614
Portable Watch Portable Edge,"Lane, Blake and Graham",Laptops & Computers,47,91
Printer,"Montoya, Adkins and Campos",Sports & Outdoors,135,135
Digital Fan Iron Cooker,"Deleon, Schroeder and Steele",Team Sports,128,273
Silent Router Scanner Max Touch,Maldonado and Sons,Home Decor,22,463
Portable Headphones Fast Smart Touch,Krause and Sons,Team Sports,525,585
Mini Treadmill X X,Gallegos Group,Headphones & Earbuds,51,699
Digital Heater Mixer Shaver,"Fernandez, Mcdonald and Mayer",Office Supplies,679,983
Digital Cooler Lite,Hobbs-Sanders,Kitchen Appliances,957,306
Rechargeable Cooker Ultra Silent,Bowman-Arnold,Furniture,840,740
Printer,Velazquez Group,Books & Stationery,652,969
Scale Toaster,Riggs Inc,Office Supplies,792,688
Premium Kettle Silent Advanced,"Poole, Browning and Horn",Smartphones,216,943
Fan Cooler Vacuum,Bernard PLC,Haircare,259,517
Blender,Curtis-Cantu,Skincare,866,617
Wireless Light Eco Portable,"Hansen, Mcgrath and Barton",Makeup,186,549
Smart Heater Thermostat,Lane-Mcneil,Men's Clothing,1,634
Scooter,Banks and Sons,Automotive,103,660
Headphones,"Terry, Palmer and Sexton",Books & Stationery,433,468
Blender Toaster Camera,Finley Ltd,Books & Stationery,915,997
Portable Radio Bicycle Cooler,Steele and Sons,Makeup,550,663
Pro Oven,"Cox, Chan and Phelps",Women's Clothing,255,985
Mixer,"Ruiz, Roach and Becker",Makeup,896,66
Portable Microphone Camera Eco,"Rush, Andersen and Hunter",Home Decor,537,915
Silent Camera Heater Webcam One Silent Smart,Campos PLC,Camping & Hiking,362,607
Compact Vacuum Shaver,Craig and Sons,Home & Kitchen,801,157
Mini Webcam Scooter Compact,"Bass, Chambers and Ellison",Team Sports,776,53
Smart Speakerphone 360,Fox Group,Cleaning Supplies,400,289
Advanced Kettle Brush Fan,Holt Inc,Sports & Outdoors,179,301
Automatic Scanner Monitor Treadmill Prime X Pro,Houston-Lawson,Home & Kitchen,506,897
Grill Brush Watch,Mcdonald-Fernandez,Men's Clothing,930,240
Smart Heater Clean Rechargeable Smart,"Rice, Stuart and Monroe",Team Sports,612,659
Premium Blender Automatic Air,Black-Meadows,Clothing & Apparel,351,246
Grill,"Clarke, Blake and Fleming",Smartwatches,163,975
Mini Radio Stove Shaver,Zhang and Sons,"Accessories (Bags, Hats, Belts)",276,408
Wireless Lock One,"Rhodes, Flynn and Townsend",Home Decor,887,114
Ultra Keyboard Toaster Monitor X,Mckinney PLC,Skincare,720,214
Dock Speaker Phone,Leon LLC,Grooming Tools,357,479
Smart Projector Mini,Mitchell-Sanchez,Haircare,274,401
Smart Radio Bicycle Cooler,Nash LLC,Men's Clothing,856,432
Mini Webcam Projector Lock Smart Prime,Webb LLC,Cycling,130,166
Premium Mouse Mouse Router Advanced One Air,Kelley-Richard,Cycling,484,590
Shaver,"Brewer, Luna and Rowland",Smartphones,763,294
Rechargeable Fan Pro,Burch Group,Kitchen Appliances,114,387
Compact Fan Clock Camera Plus Sense,Lewis-Johnston,Fragrances,84,42
Rechargeable Phone Automatic Sense Wireless,"Stanton, Molina and Leach",Bedding & Bath,545,169
Advanced Printer Fan Shaver Compact Touch Clean,Berry-Haley,Office Supplies,519,427
Compact Iron Drone Portable,Gomez PLC,Health & Wellness,964,572
Oven,Vance-Howe,Furniture,578,931
Compact Brush,Baldwin Group,Kids' Clothing,41,802
Charger,Potter LLC,Headphones & Earbuds,971,831
Freezer Phone,"Gardner, Dickson and Hernandez",Shoes & Footwear,622,940
Smart Keyboard Plus,"Branch, Gallagher and Travis",Fitness Equipment,606,444
Freezer Mixer Lock,Nichols Ltd,Smartwatches,766,4
Portable Mixer Lamp Automatic,Avila Ltd,Cycling,305,31
Pro Oven Mouse Cooler Go,"Hubbard, Fox and Ray",Cleaning Supplies,140,140
Smart Vacuum X,Costa-Dillon,Clothing & Apparel,518,713
Compact Camera Bicycle Speakerphone,Mcconnell PLC,Smartwatches,922,769
Mini Lamp Speakerphone Headphones Automatic Compact Ultra,"Banks, Werner and Barron",Makeup,921,195
Blender Cooker,Waters Inc,Fishing & Hunting,908,868
Digital Camera Rechargeable Sense Digital,Blevins and Sons,Books & Stationery,97,456
Silent Iron Rechargeable Fast Plus,Cole-Peters,Cameras & Accessories,662,637
Portable Drone Portable,"Curry, Boyd and Reese",Skincare,451,258
Charger Lamp,"Macias, Griffith and Cooper",Health & Wellness,940,495
Premium Router,"Thompson, Reeves and Kirk",Haircare,291,85
Wireless Toaster,"Swanson, Fuentes and Frederick",Shoes & Footwear,990,921
Advanced Fan Cooler Vacuum Smart,Bowman-Cortez,Clothing & Apparel,766,154
Portable Printer Charger Brush 360,Mclean Ltd,Furniture,622,408
Compact Printer Charger Brush Fast,"Kerr, Valenzuela and Dudley",Home Decor,646,904
Advanced Scanner Keyboard Monitor Premium,Glenn Inc,Health & Wellness,336,79
Smart Mixer Vacuum,Bradley-Manning,Cameras & Accessories,184,925
Rechargeable Projector,"Camacho, Hicks and Fuller",Office Supplies,43,833
Lock Charger,Foley-Schroeder,Beauty & Personal Care,284,152
Rechargeable Router Lamp Compact Eco Plus,Aguilar PLC,Fishing & Hunting,889,801
Smart Fridge Camera Mini,Navarro-Mcmahon,Office Supplies,827,634
Automatic Cooker Cooler Edge Advanced,Gill Group,Skincare,223,414
Silent Drone Thermostat Headphones,"Mitchell, Baird and Hernandez",Smartwatches,223,169
Premium Scooter Eco Fast,"Baldwin, Watson and Beasley",Grooming Tools,471,815
Portable Keyboard Silent Fast,Rowe-Perkins,Books & Stationery,896,39
Advanced Tablet Cooler Fridge Plus Smart Mini,Robertson Inc,Health & Wellness,523,942
Smart Brush Fridge Drone Smart,"Sharp, Chase and Perkins",Office Supplies,893,916
Digital Mixer Treadmill Sense Touch Edge,"Oliver, Reynolds and Shaw",Home Decor,803,616
Wireless Router Freezer Webcam Rechargeable,"Pierce, Huffman and Vaughn",Furniture,673,941
Advanced Fan Cooler Vacuum,Castaneda Group,Team Sports,568,624
Eco Thermostat Oven Advanced Edge,"Strickland, Jimenez and Stevens",Furniture,346,930
Lamp Grill,Jarvis-David,"Accessories (Bags, Hats, Belts)",120,120
Pro Keyboard,Holland-Downs,"Accessories (Bags, Hats, Belts)",587,534
Portable Lock Charger,Mann-Cole,Sports & Outdoors,311,434
Fast Thermostat Drone Heater Plus One,Frost Inc,Team Sports,625,420
Rechargeable Watch,"Faulkner, Cervantes and Morales",Fragrances,976,995
Oven Trimmer,Brady-Farrell,Fitness Equipment,984,168
Automatic Cooler Printer Speaker,Rios-Griffin,Laptops & Computers,288,524
Smart Light Premium Compact Premium,Henderson-Mcclain,Cycling,230,844
Blender Toaster Camera,Hampton Inc,Fishing & Hunting,786,204
Smart Mouse Lamp Pro,Gregory-Sheppard,Beauty & Personal Care,735,797
Advanced Webcam Projector Oven,Newman-Malone,Kids' Clothing,507,890
Projector Speaker Treadmill,"Dyer, Mcdowell and Holmes",Fishing & Hunting,991,446
Fast Fridge Cooker Max Fast,Pierce PLC,Beauty & Personal Care,883,827
Ultra Phone Rechargeable Wireless Wireless,Byrd Ltd,Sports & Outdoors,310,829
Smart Drone Speaker Speaker Air Smart Clean,Krause PLC,Grooming Tools,105,129
Fast Webcam Projector Lock Rechargeable,"Simpson, Atkins and Daniel",Toys & Games,448,318
Pro Mixer Lamp Rechargeable,"Nixon, Mcclure and Stephenson",Cleaning Supplies,310,315
Fast Printer Fan Shaver Sense One,Galvan-Ortega,Beauty & Personal Care,999,965
Eco Fan Plus,"Mullins, Anthony and Reid",Camping & Hiking,127,963
Wireless Mixer Vacuum Plus Eco,Mata PLC,Men's Clothing,257,222
Stove Iron,Manning-Daniels,Shoes & Footwear,914,996
Automatic Lock Thermostat Premium Clean Rechargeable,Jackson Ltd,Health & Wellness,890,747
Advanced Watch 360 Clean,Nicholson Ltd,Grooming Tools,11,381
Premium Printer Wireless,Green and Sons,Makeup,73,727
Eco Lock,"Dunn, Chavez and Fitzgerald",Clothing & Apparel,627,887
Rechargeable Mixer Bicycle Fridge Pro,Barrett PLC,Smartwatches,372,523
Clock Lock,"Conway, Villanueva and Kerr","Accessories (Bags, Hats, Belts)",54,459
Silent Oven Smart,Hensley LLC,Smartwatches,37,968
Compact Mixer Lamp Digital Eco Eco,"Leonard, Benitez and Wu",Kitchen Appliances,603,879
Fan Drone Monitor,Gibson-Briggs,Grooming Tools,795,346
Mini Fan Edge,Sims Ltd,Camping & Hiking,373,753
Webcam Webcam Stove,"Hurst, Callahan and Roberson",Clothing & Apparel,893,933
Smart Scooter Eco Eco Advanced,Alvarado Group,Camping & Hiking,108,723
Fast Scooter Scale Cooler Prime Silent,"Li, Lewis and Alvarado",Headphones & Earbuds,77,453
Portable Microphone Treadmill Oven Silent,"Mcfarland, Cooley and Obrien",Smartwatches,408,770
Dock Dock Trimmer,Hendrix LLC,Cameras & Accessories,222,832
Radio Stove Shaver,"Little, Horn and Page",Automotive,392,27
Scale,"Rhodes, Watson and Brewer",Camping & Hiking,812,397
Ultra Speaker Tablet Headphones,"Higgins, Travis and Hart",Fishing & Hunting,152,717
Powerbank,"Todd, Day and Wall",Office Supplies,112,125
Pro Mixer Drone Fan Fast,Frederick Ltd,Cleaning Supplies,892,538
Rechargeable Lock,Barajas-Horne,Fishing & Hunting,555,402
Advanced Phone Max Air 360,"Herring, Burch and Weber",Fishing & Hunting,297,188
Fast Cooler Treadmill Air Digital Portable,"Hale, Grimes and Calhoun",Fragrances,979,979
Freezer Powerbank Watch,"Ramsey, Huynh and Mcdowell",Grooming Tools,553,470
Ultra Vacuum Fan Edge,Haas-Dougherty,Skincare,704,193
Stove Monitor Tablet,Diaz-Atkinson,Grooming Tools,417,150
Pro Charger Monitor Brush,Manning Ltd,Cameras & Accessories,627,297
Dock Speaker Phone,"Kirk, Cuevas and Ho",Grooming Tools,719,540
Clean Dock Eco Max,Berry-Garrett,Shoes & Footwear,810,283
Automatic Microphone Camera Edge Fast,"Avery, Norton and Cobb",Bedding & Bath,256,697
Compact Freezer Mixer,Solomon Inc,Kitchen Appliances,697,920
Mini Bicycle Air Silent Fast,"Flores, Burton and Lawrence",Fragrances,453,992
Rechargeable Cooler Treadmill Wireless Go,"Roth, Barry and Steele",Fragrances,498,521
Digital Dock Freezer Projector Mini One Mini,"Jenkins, Doyle and Melendez",Cycling,158,998
Printer Lock Thermostat,Shepherd-Sweeney,Home & Kitchen,658,85
Smart Headphones Stove,Velasquez-Williams,Clothing & Apparel,456,371
Automatic Printer Webcam Touch Air,Hunt PLC,Smartwatches,237,871
Clean Vacuum Router Toaster Compact Sense,"Stevenson, Goodman and Hancock",Fishing & Hunting,789,504
Clean Webcam Toaster 360,Adams-Lucero,Furniture,189,417
Trimmer Webcam Heater,Heath-Pollard,Kids' Clothing,319,964
Clean Grill Grill Mini Mini,Kaufman-Rangel,Haircare,500,763
Wireless Blender,"Travis, Strong and Mack",Home & Kitchen,909,897
Ultra Kettle Brush Fan Ultra Plus Rechargeable,Patterson-Lawson,Smartphones,65,265
Keyboard Freezer,"Whitehead, Clark and Guzman",Sports & Outdoors,256,638
Premium Light Headphones Tablet,"Warren, Huang and Nunez",Automotive,310,318
Rechargeable Projector Air 360 Lite,Clements Inc,Grooming Tools,958,816
Blender Blender,Dean-Haas,Headphones & Earbuds,543,339
Radio Iron,Blackwell-Hill,Home Decor,688,679
Smart Monitor Brush Monitor Fast Premium,Friedman and Sons,Camping & Hiking,74,456
Smart Blender Treadmill Tablet Pro Silent Edge,"Elliott, Olson and Potts",Kids' Clothing,670,383
Smart Projector Ultra,Thornton-Malone,Beauty & Personal Care,466,916
Premium Heater Keyboard,Forbes and Sons,Cleaning Supplies,807,74
Smart Scooter Bicycle Oven Smart,"Donovan, Cline and Avila",Home & Kitchen,540,365
Rechargeable Trimmer Stove,Price-Joyce,Sports & Outdoors,893,957
Premium Freezer Edge Portable X,Hunt-Lowery,Camping & Hiking,627,635
Pro Speakerphone Mixer Air Touch,Hardin-Haley,Grooming Tools,341,294
Digital Camera Keyboard,"Bass, Navarro and Mercado",Grooming Tools,406,430
Clean Scooter Bicycle Oven Silent,Pratt-Serrano,Men's Clothing,337,515
Silent Printer Rechargeable Prime Advanced,"Mcneil, Pugh and Cox",Books & Stationery,383,112
Clean Printer Fan Smart,"Mosley, Cobb and Lucero",Laptops & Computers,235,317
Wireless Projector Freezer Automatic Smart,"Fowler, Hunter and Hodges",Team Sports,544,228
Premium Mixer Vacuum X Clean,"Schneider, Huber and Dougherty",Women's Clothing,774,977
Compact Keyboard Air Edge Go,Lowery Ltd,Bedding & Bath,497,99
Rechargeable Printer Fast,Marshall-Wise,Fitness Equipment,53,785
Fast Treadmill Advanced Wireless,Hodges-Gutierrez,Cleaning Supplies,506,415
Smart Shaver Smart Sense Clean,Garcia-Crawford,Shoes & Footwear,272,443
Silent Treadmill Clean Rechargeable,Moon-Hebert,Shoes & Footwear,709,809
Microphone Lamp Speaker,"Hoffman, Bender and Jackson",Clothing & Apparel,14,559
Treadmill,Paul-Gates,Home & Kitchen,501,367
Smart Microphone Cooler Silent Sense Advanced,Saunders-Patel,Smartphones,760,9
Smart Scanner Drone Mini Prime Mini,Ray-Bullock,Cycling,674,999
Clean Keyboard Toaster Monitor,Bennett-Wiggins,Furniture,102,199
Rechargeable Cooker X,"Gentry, Elliott and Aguirre",Fragrances,80,529
Compact Fan Iron Cooker Go Mini,Bray-Cowan,Smartphones,993,357
Smart Watch Mini Silent Plus,Mcfarland-Lopez,Cleaning Supplies,93,93
Premium Router Lamp Eco Fast Advanced,Smith-Garrison,Team Sports,648,871
Scale Clock,Bush-Weeks,Camping & Hiking,249,382
Portable Scooter X Plus,Mcdonald LLC,Home Decor,453,136
Premium Camera Router Fan Max Compact Prime,"Fisher, Chan and Ashley",Men's Clothing,897,237
Premium Cooler Treadmill,"Francis, Holloway and Glenn",Cycling,505,709
Advanced Stove Monitor Tablet,Bond PLC,Cleaning Supplies,471,65
Advanced Projector Compact Sense Mini,Mcintosh Inc,Toys & Games,179,106
Portable Webcam Stove Grill Edge Premium,"Lang, Paul and Silva",Skincare,437,264
Blender Treadmill Tablet,"George, Oconnor and Gray",Fitness Equipment,754,442
Advanced Heater Ultra Wireless Go,"Daugherty, Cooper and Gardner",Books & Stationery,518,5
Pro Fan Wireless Prime,"Flynn, Ayers and Duffy",Furniture,622,928
Compact Radio Light Fan Sense,"Reed, Sheppard and Irwin",Shoes & Footwear,944,462
Smart Radio,Mueller-Steele,Home Decor,660,826
Portable Clock Drone Charger Clean Ultra,Ruiz Group,"Accessories (Bags, Hats, Belts)",562,925
Compact Scale Headphones Sense Prime,Fuentes-Curtis,Sports & Outdoors,537,801
Silent Router Phone Portable Automatic,Huffman Group,Toys & Games,903,737
Digital Treadmill Clean Go,Woodward Group,Toys & Games,8,330
Wireless Vacuum Shaver,Ramos-Cardenas,Beauty & Personal Care,615,630
Portable Cooker Brush 360 Digital Mini,Hooper-Bender,Men's Clothing,811,566
Smart Watch Edge Digital Sense,Campos Inc,Kitchen Appliances,867,769
